username,slug
sverlaan,samuel-2024
sverlaan,cloud-2024
sverlaan,our-girls-2025
sverlaan,it-ends
sverlaan,wind-river-2017
sverlaan,wake-up-dead-man
sverlaan,song-of-the-sea
sverlaan,project-hail-mary
sverlaan,the-drama
sverlaan,train-dreams
sverlaan,happiness
sverlaan,computer-chess
sverlaan,dreams-2024-5
sverlaan,the-battle-of-algiers
sverlaan,walkabout
sverlaan,emma-2020
sverlaan,fireworks-1997
sverlaan,marty-supreme
sverlaan,romeo-juliet-1996
sverlaan,paper-moon
sverlaan,11-22-63
sverlaan,no-other-choice-2025
sverlaan,the-long-walk-2025
sverlaan,the-wailing
sverlaan,the-surfer-2024
sverlaan,ace-in-the-hole
sverlaan,eternity-2025-1
sverlaan,roman-holiday
sverlaan,the-garden-of-earthly-delights-2025
sverlaan,pather-panchali
sverlaan,nowhere
sverlaan,a-big-bold-beautiful-journey
sverlaan,mountainhead
sverlaan,you-can-count-on-me
sverlaan,sound-of-falling
sverlaan,office-space
sverlaan,in-the-bedroom
sverlaan,popstar-never-stop-never-stopping
sverlaan,design-for-living
sverlaan,mysterious-skin
sverlaan,we-need-to-talk-about-kevin
sverlaan,umberto-d
sverlaan,all-we-imagine-as-light
sverlaan,creep-2014
sverlaan,asura-2025
sverlaan,heathers
sverlaan,the-human-condition-ii-road-to-eternity
sverlaan,the-curse-2023
sverlaan,sympathy-for-mr-vengeance
sverlaan,the-rescue-2021
sverlaan,society-of-the-snow
sverlaan,local-hero
sverlaan,saltburn
sverlaan,mulholland-drive
sverlaan,his-motorbike-her-island
sverlaan,wallace-gromit-vengeance-most-fowl
sverlaan,ferris-buellers-day-off
sverlaan,nosferatu
sverlaan,saint-maud
sverlaan,who-killed-captain-alex
sverlaan,the-ballad-of-narayama
sverlaan,i-am-love
sverlaan,maid-2021
sverlaan,we-live-in-time
sverlaan,joe-pera-talks-you-to-sleep
sverlaan,the-wages-of-fear
sverlaan,queer-2024
sverlaan,look-back-2024
sverlaan,little-miss-sunshine
sverlaan,the-brutalist
sverlaan,angst
sverlaan,the-apprentice-2024
sverlaan,but-im-a-cheerleader
sverlaan,never-let-me-go-2010
sverlaan,the-northerners
sverlaan,perfect-days-2023
sverlaan,i-am-cuba
sverlaan,letter-never-sent
sverlaan,the-treasure-of-the-sierra-madre
sverlaan,everybody-wants-some
sverlaan,insiang
sverlaan,patriotism
sverlaan,embrace-of-the-serpent
sverlaan,punishment-park
sverlaan,brazil
sverlaan,children-of-paradise
sverlaan,wild-tales
sverlaan,hardcore
sverlaan,ponyo
sverlaan,late-night-with-the-devil
sverlaan,sick-of-myself
sverlaan,american-honey
sverlaan,carnival-of-souls
sverlaan,final-cut-ladies-and-gentlemen
sverlaan,pulse-2001
sverlaan,laura
sverlaan,a-serious-man
sverlaan,rye-lane
sverlaan,tiptoes
sverlaan,maestro-2023
sverlaan,all-of-us-strangers
sverlaan,the-ascent
sverlaan,all-that-jazz
sverlaan,the-wicker-man
sverlaan,all-about-my-mother
sverlaan,raise-the-red-lantern
sverlaan,coraline
sverlaan,possession
sverlaan,tokyo-godfathers
sverlaan,a-single-man
sverlaan,werckmeister-harmonies
sverlaan,paisan
sverlaan,train-to-busan
sverlaan,all-about-eve
sverlaan,its-such-a-beautiful-day
sverlaan,f-for-fake
sverlaan,polytechnique
sverlaan,the-elephant-man
sverlaan,ai-artificial-intelligence
sverlaan,jeanne-dielman-23-quai-du-commerce-1080-bruxelles
sverlaan,rosemarys-baby
sverlaan,au-hasard-balthazar
sverlaan,a-clockwork-orange
sverlaan,solaris
sverlaan,labyrinth
sverlaan,the-little-prince-2015
sverlaan,amadeus
sverlaan,the-deer-hunter
sverlaan,all-about-lily-chou-chou
sverlaan,petite-maman
sverlaan,lawrence-of-arabia
sverlaan,mishima-a-life-in-four-chapters
sverlaan,the-double-life-of-veronique
sverlaan,charade
sverlaan,8-half
sverlaan,goodbye-dragon-inn
sverlaan,the-assassination-of-jesse-james-by-the-coward-robert-ford
sverlaan,diabolique-1955
sverlaan,ikiru
sverlaan,largent-1983
sverlaan,once-upon-a-time-in-america
sverlaan,a-city-of-sadness
sverlaan,barry-lyndon
sverlaan,dogtooth
sverlaan,seven-samurai
flrz,hero-2002
flrz,constellation-quest
flrz,the-dream-of-a-ridiculous-man
flrz,the-pricemaster
flrz,talking-about-trees
flrz,the-last-days-of-emma-blank
flrz,trump-vs-the-illuminati
flrz,a-quick-one-before-my-self-loathing-devours
flrz,arnas-children
flrz,groener-gras
flrz,i-dream-in-another-language
flrz,in-for-treatment
flrz,the-man-who-saved-the-world-1982
flrz,eyeballs-in-the-darkness
flrz,lovers-rock-2020
flrz,roots-rock-reggae-inside-the-jamaican-music
flrz,dance-craze
flrz,babylon
flrz,super-mario-movie
flrz,the-physics-of-sorrow
flrz,dream-land-express
flrz,birds-orphans-and-fools
flrz,elegy-of-a-voyage
flrz,hovering-over-the-water
flrz,the-spongebob-squarepants-movie
flrz,the-worst-person-in-the-world
flrz,vagabond
flrz,the-beaches-of-agnes
flrz,cleo-from-5-to-7
flrz,little-amelie-or-the-character-of-rain
flrz,no-love-deep-web
flrz,animusic
flrz,mirrored-mind
flrz,oddsac
flrz,la-soufriere-waiting-for-an-inevitable-catastrophe
flrz,4ever-love
flrz,philips-radio
flrz,valparaiso-1963
flrz,monkeybone
flrz,down-by-law
flrz,kuroneko
flrz,bubble-bath
flrz,flee-2021
flrz,night-of-the-living-dead
flrz,the-harder-they-come
flrz,the-incredible-shrinking-man
flrz,jodorowskys-dune
flrz,anticipation-of-the-night
flrz,window-water-baby-moving
flrz,welcome-or-no-trespassing
flrz,the-big-bad-fox-and-other-tales
flrz,the-summit-of-the-gods
flrz,wolfwalkers
flrz,the-secret-of-kells
flrz,november-2017
flrz,mister-l
flrz,babettes-feast
flrz,the-lunchbox
flrz,contras-city
flrz,le-franc
flrz,the-night-of-counting-the-years
flrz,kit-kat
flrz,ananse
flrz,district-9
flrz,yeelen
flrz,cairo-station
flrz,train-dreams
flrz,sudan-remember-us
flrz,these-hands
flrz,badou-boy
flrz,west-indies
flrz,moolaade
flrz,the-hourglass-sanatorium
flrz,the-wages-of-fear
flrz,midnight-cowboy
flrz,greener-grass-2019
flrz,thief
flrz,marty-supreme
flrz,super-mario-bros
flrz,luke-and-lucy-the-texas-rangers
flrz,lego-the-adventures-of-clutch-powers
flrz,io-capitano
flrz,its-a-wonderful-life
flrz,malcolm-x-1992
flrz,son-of-saul
flrz,the-crossing-2021-1
flrz,the-wailing
flrz,gwank
flrz,conrad-brooks-vs-the-werewolf
flrz,club-lingerie
flrz,the-paradise-motel
flrz,the-legacy-of-j-dilla
flrz,sly-lives-aka-the-burden-of-black-genius
flrz,the-fire-within-a-requiem-for-katia-and-maurice
flrz,central-station
flrz,superbad
flrz,porkin-across-america
flrz,sex-house-2012
flrz,grizzly-man
flrz,the-father-2020
flrz,when-harry-met-sally
flrz,one-cut-of-the-dead
flrz,4-months-3-weeks-and-2-days
flrz,no-other-choice-2025
flrz,everything-you-always-wanted-to-know-about-sex-but-were-afraid-to-ask
flrz,bo-burnham-inside
flrz,turtles-can-fly
flrz,de-verschrikkelijke-jaren-tachtig
flrz,star-2021
flrz,blow-out
flrz,confessions
flrz,the-king-of-kong-a-fistful-of-quarters
flrz,ritual-2000
flrz,day-is-done-2006
flrz,samuel-2024
flrz,grand-theft-hamlet
flrz,interface-2022-1
flrz,army-of-shadows
flrz,inherent-vice
flrz,oum-kalthoum-la-voix-du-caire
flrz,cannibal-holocaust
flrz,free-fall-2014
flrz,ratcatcher
flrz,killer-of-sheep
flrz,jazz-on-a-summers-day
flrz,one-week
flrz,neptune-frost
flrz,the-rumba-kings
flrz,a-separation
flrz,manchester-by-the-sea
flrz,force-majeure-2014
flrz,mommy-2014
flrz,kubo-and-the-two-strings
flrz,secrets-lies
flrz,the-thief-and-the-cobbler
flrz,north-of-the-sun
flrz,alone-in-the-wilderness-part-ii
flrz,persepolis
flrz,sympathy-for-mr-vengeance
flrz,a-real-pain
flrz,the-raging-moon
flrz,sans-soleil
flrz,his-motorbike-her-island
flrz,long-live-the-queen
flrz,killer-bean-forever
flrz,farewell-to-the-ark
flrz,throw-away-your-books-rally-in-the-streets
flrz,sonatine
flrz,the-diving-bell-and-the-butterfly
flrz,funky-forest-the-first-contact
flrz,angel-dust
flrz,the-emperors-naked-army-marches-on
flrz,no-other-land
flrz,la-dolce-vita
flrz,the-wonder
flrz,dahomey
flrz,big-wednesday
flrz,the-city-of-lost-children
flrz,safe-journey-1993
flrz,ghost-in-the-shell
flrz,summer-of-soul-or-when-the-revolution-could
flrz,quo-vadis-aida
flrz,the-sound-of-belgium
flrz,spetters
flrz,showgirls
flrz,love-on-a-leash
flrz,long-days-journey-into-night-2018
flrz,limbo-2020-1
flrz,im-still-here-2024
flrz,all-about-lily-chou-chou
flrz,the-king-of-comedy
flrz,the-first-slam-dunk
flrz,my-massive-cock
flrz,they-shot-the-piano-player
flrz,at-the-first-breath-of-wind
flrz,tokyo-fist
flrz,threads
flrz,the-killing-of-a-sacred-deer
flrz,dancer-in-the-dark
flrz,our-little-sister
flrz,lilya-4-ever
flrz,scream-week
flrz,wasted-2016
flrz,das-boot
flrz,taxidermia
flrz,waltz-with-bashir
flrz,carnival-of-souls
flrz,opening-night
flrz,seconds
flrz,killer-klowns-from-outer-space
flrz,whisper-of-the-heart
flrz,joint-security-area
flrz,double-mama
flrz,trauma-porn-club
flrz,everyman-1963
flrz,lost-highway
flrz,wild-strawberries
flrz,little-fish-2020
flrz,the-human-condition-ii-road-to-eternity
flrz,letter-never-sent
flrz,fireworks-1997
flrz,the-seventh-continent
flrz,kony-2012
flrz,ashes-and-diamonds
flrz,allegro-non-troppo
flrz,app
flrz,love-deutschmarks-and-death
flrz,winter-sleep
flrz,rango
flrz,the-animatrix
flrz,memories
flrz,night-is-short-walk-on-girl
flrz,the-aviatrix-of-kazbek
flrz,robot-dreams
flrz,a-summers-tale
flrz,sharknado
flrz,troll-2
flrz,z
flrz,a-man-escaped
flrz,a-woman-under-the-influence
flrz,diabolique-1955
flrz,amores-perros
flrz,the-peasants-2023
flrz,aguirre-the-wrath-of-god
flrz,nosferatu-the-vampyre
flrz,purple-rain
flrz,searching-for-bobby-fischer
flrz,underground-1995
flrz,the-last-movie
flrz,eureka-2000
flrz,speed-racer
flrz,blow-up
flrz,the-last-waltz
flrz,ziggy-stardust-and-the-spiders-from-mars
flrz,moving-1993
flrz,the-long-goodbye
flrz,early-spring
flrz,delicatessen
flrz,where-the-wild-things-are
flrz,night-on-earth
flrz,time-of-the-gypsies
flrz,maborosi
flrz,hundreds-of-beavers
flrz,demons-1971
flrz,five-broken-cameras
flrz,minding-the-gap
flrz,dominion-2018
flrz,adaptation
flrz,paterson
flrz,the-master-2012
flrz,the-flying-luna-clipper
flrz,nightcrawler
flrz,what-we-do-in-the-shadows
flrz,blue-1993
flrz,lola
flrz,the-fisher-king
flrz,raise-the-red-lantern
flrz,mad-max-fury-road
flrz,sunrise-a-song-of-two-humans
flrz,blade-runner
flrz,hearts-of-darkness-a-filmmakers-apocalypse
flrz,the-man-who-stole-the-sun
flrz,dead-mans-letters
flrz,interstella-5555-the-5tory-of-the-5ecret-5tar-5ystem
flrz,safety-last
flrz,the-man-who-sleeps
flrz,the-lovers-on-the-bridge
flrz,the-bridge-on-the-river-kwai
flrz,ponyo
flrz,sleep-has-her-house
flrz,conspirators-of-pleasure
flrz,on-the-silver-globe
flrz,the-hunt-2012
flrz,three-colours-blue
flrz,20-days-in-mariupol
flrz,they-live
flrz,american-movie
flrz,hellzapoppin
flrz,undone-2019
flrz,nowhere
flrz,the-young-girls-of-rochefort
flrz,delta-space-mission
flrz,the-tale-of-the-fox
flrz,who-framed-roger-rabbit
flrz,the-zone-of-interest
flrz,mad-god
flrz,junk-head
flrz,pom-poko
flrz,bamboozled
flrz,the-fifth-seal
flrz,the-lord-of-the-rings-the-return-of-the-king
flrz,cemetery-of-splendor
flrz,belladonna-of-sadness
flrz,everybody-wants-some
flrz,kids
flrz,all-that-jazz
flrz,minari
flrz,nathan-for-you-finding-frances
flrz,the-taste-of-tea
flrz,the-piano-teacher
flrz,edward-scissorhands
flrz,the-trial
flrz,baraka
flrz,wild-tales
flrz,sound-of-metal
flrz,little-women-2019
flrz,santa-sangre
flrz,the-tale-of-the-princess-kaguya
flrz,nausicaa-of-the-valley-of-the-wind
flrz,goodbye-dragon-inn
flrz,anatomy-of-a-fall
flrz,paris-is-burning
flrz,the-ascent
flrz,cold-war-2018
flrz,carol-2015
flrz,lavventura
flrz,slacker
flrz,castle-in-the-sky
flrz,happy-together-1997
flrz,insiang
flrz,oh-sun
flrz,pastoral-to-die-in-the-country
flrz,kwaidan
flrz,ulysses-gaze
flrz,funeral-parade-of-roses
flrz,supermarket-woman
flrz,three-colours-red
flrz,hard-boiled
flrz,the-departed
flrz,prisoners
flrz,eternity-and-a-day
flrz,tokyo-godfathers
flrz,the-face-of-another
flrz,la-strada
flrz,twenty-years-later
flrz,jeanne-dielman-23-quai-du-commerce-1080-bruxelles
flrz,wattstax
flrz,fishmans
flrz,the-tragedy-of-man
flrz,fantasia
flrz,the-tree-of-life-2011
flrz,pather-panchali
flrz,lawrence-of-arabia
flrz,die-hard
flrz,raging-bull
flrz,ugetsu
flrz,early-summer
flrz,secret-sunshine
flrz,truck-turner
flrz,the-pianist
flrz,ai-artificial-intelligence
flrz,the-incredibles
flrz,the-deer-hunter
flrz,vortex-2021
flrz,fear-and-loathing-in-las-vegas
flrz,police-story
flrz,as-i-was-moving-ahead-occasionally-i-saw
flrz,a-city-of-sadness
flrz,full-metal-jacket
flrz,mother-2009
liannehr,the-house-bunny
liannehr,emma-2020
liannehr,rosaline
liannehr,the-roses-2025
liannehr,a-big-bold-beautiful-journey
liannehr,the-girlfriend-2025
liannehr,sweetpea-2024
liannehr,malcolm-marie
liannehr,a-rainy-day-in-new-york
liannehr,force-majeure-2014
liannehr,the-iron-claw-2023
liannehr,amelie
liannehr,walle
liannehr,aftersun
liannehr,manchester-by-the-sea
liannehr,awakenings
liannehr,half-nelson
liannehr,the-spectacular-now
liannehr,boyhood
liannehr,am-i-ok
liannehr,frances-ha
liannehr,never-let-me-go-2010
liannehr,all-about-my-mother
liannehr,we-live-in-time
liannehr,mean-girls-2024
liannehr,the-handmaiden
liannehr,the-matrix
liannehr,midsommar
liannehr,past-lives
liannehr,atonement
liannehr,saltburn
liannehr,demolition
liannehr,maestro-2023
liannehr,all-of-us-strangers
liannehr,beautiful-boy-2018
liannehr,bottoms
liannehr,midnight-in-paris
liannehr,nightcrawler
liannehr,love-according-to-dalva
liannehr,amour
liannehr,little-miss-sunshine
liannehr,minari
